{
    "Arrendadores" : {
        "$idArrendador": {                         
            "nombre": "Juan Perez",
            "dni" : 1111111,
            "tipoDni" : "TI",
            "genero" : "M",
            "fechaNacimiento" : 20200101,
            "email" : "juanperez@prueba.com",
            "telefono" : 3112224455,
            "direccion" : "Kra 1 # 01-0",
            "ciudad" : "Bogotá",
            "chats" : ["$idChat", "$idChat", "$idChat"],
            "inmuebles" : ["$idInmueble", "$idInmueble", "$idInmueble"]
        }
    },
    "Arrendatarios" : {
        "$idArrendatario" : {
            "nombre": "Juana Gomez",
            "dni" : 22222222,
            "tipoDni" : "CC",
            "genero" : "F",
            "fechaNacimiento" : 20200102,
            "email" : "juanaGomez@prueba.com",
            "telefono" : 3112224466,
            "chats" : ["$idChat", "$idChat", "$idChat"],
            "favoritos" : ["$idFav", "$idFav", "$idFav"],
            "historialInmuebles" : ["$idPeriodoEstadia", "$idPeriodoEstadia", "$idPeriodoEstadia"],
            "metodoPago" : {
                "idPSE" : "223045940493"
            }
        }
    },
    "Inmuebles" : {
        "$idInmueble" : {
            "tipo" : "H",
            "nombre" : "Habitacion dentro de una casa",
            "precio" : 500000,
            "descripcion" : "Habitación pequeña con televisor y cama",
            "nBaños" : 1,
            "area" : 17.41,
            "esAmoblado" : true,
            "ubicacion" : {
                "direccion" : "Kra 7 #45-0",
                "localidad" : "Chapinero",
                "coordenadas" : "98.322 - 55.9843",
                "barrio" : "Mariscal Sucre"
            },
            "servicios" : ["$idServicio", "$idServicio", "$idServicio"],
            "historialArrendatarios" : ["$idPeriodoEstadia", "$idPeriodoEstadia", "$idPeriodoEstadia"]
        },
        "$idInmueble" : {
            "tipo" : "A",
            "nombre" : "Apartamento dentro de casa",
            "precio" : 500000,
            "descripcion" : "Apartamento dentro de una casa en el piso 3",
            "nBaños" : 2,
            "area" : 55.60,
            "esAmoblado" : false,
            "ubicacion" : {
                "direccion" : "Kra 7 #45-0",
                "localidad" : "Chapinero",
                "coordenadas" : "98.322 - 55.9843",
                "barrio" : "Mariscal Sucre"
            },
            "servicios" : ["$idServicio", "$idServicio", "$idServicio"],
            "nHabitaciones" : 5,
            "esCompartido" : true,
            "historialArrendatarios" : ["$idPeriodoEstadia", "$idPeriodoEstadia", "$idPeriodoEstadia"]
        },
        "$idInmueble" : {
            "tipo" : "C",
            "nombre" : "Casa",
            "precio" : 500000,
            "descripcion" : "Casa bonita de 3 pisos",
            "nBaños" : 2,
            "area" : 55.60,
            "esAmoblado" : false,
            "ubicacion" : {
                "direccion" : "Kra 7 #45-0",
                "localidad" : "Chapinero",
                "latitud" : 55.6,
                "longitud" : 55.7,
                "barrio" : "Mariscal Sucre"
            },
            "servicios" : ["$idServicio", "$idServicio", "$idServicio"],
            "nHabitaciones" : 5,
            "esCompartido" : true,
            "nPisos" : 3,
            "nCocinas" : 2,
            "historialArrendatarios" : ["$idPeriodoEstadia", "$idPeriodoEstadia", "$idPeriodoEstadia"]
        }
    },
    "Servicios" :{
        "$idServicio" : {
            "nombre" : "lavandería",
            "precioExtra" : 50000,
            "descripción" : "El usuario puede usar la lavadora de la casa"
        }
    },
    "Chats" : {
        "$idChat" : {
            "miembro1" : "$idUsuario",
            "miembro2" : "$idUsuario"
        }
    },
    "Mensajes" : {
        "$idChat" : {
            "$idMen" : {
                "mensaje" : "hola, como está",
                "remitente" : "$idUsuario",
                "momento" : 20200101040503
            }
        }
    },
    "Favorito" : {
        "$idFav" : {
            "inmubele" : "$idInmueble",
            "fechaAgregado" : 20200102,
            "comentario" : "Esta casa me interesa por está razón"
        }
    },
    "PeriodoEstadia" : {
        "$idPeriodo" : {
            "idArrendatario" : "$idArrendatario",
            "idArrendador" : "$idArrendador",
            "idInmueble" : "$idInmueble",
            "valor" : 3500000,
            "fechaInicio" : 20190101,
            "fechaFin" : 20200101,
            "valoración" : {
                "valor" : 5,
                "comentario" : "Una casa muy bonita, bonitos vecinos"
            }
        }
    },
    "Notificaciones" : {
        "$idNotificacion" : {
            "contenido" : "Juanito ha calificado tu casa",
            "tipo" : 1,
            "arrendador" : "$idArrendador",
            "arrendatario" : "$idArrendatario"
        }       
    },
    "Boletines" : {
        "$idBoletin" : {
            "fecha" : 20200103,
            "contenido" : "BuenVecino ha iniciado Operaciones"
        }
    }
}