{
    "$schema": "http://json-schema.org/draft-06/schema#",
    "$ref": "#/definitions/BuenVecino",
    "definitions": {
        "BuenVecino": {
            "type": "object",
            "additionalProperties": false,
            "properties": {
                "Arrendadores": {
                    "$ref": "#/definitions/Arrendadores"
                },
                "Arrendatarios": {
                    "$ref": "#/definitions/Arrendatarios"
                },
                "Inmuebles": {
                    "$ref": "#/definitions/Inmuebles"
                },
                "Servicios": {
                    "$ref": "#/definitions/Servicios"
                },
                "Chats": {
                    "$ref": "#/definitions/Chats"
                },
                "Mensajes": {
                    "$ref": "#/definitions/Mensajes"
                },
                "Favorito": {
                    "$ref": "#/definitions/Favorito"
                },
                "Reserva": {
                    "$ref": "#/definitions/Reserva"
                },
                "Notificaciones": {
                    "$ref": "#/definitions/Notificaciones"
                },
                "Boletines": {
                    "$ref": "#/definitions/Boletines"
                }
            },
            "required": [
                "Arrendadores",
                "Arrendatarios",
                "Boletines",
                "Chats",
                "Favorito",
                "Inmuebles",
                "Mensajes",
                "Notificaciones",
                "Reserva",
                "Servicios"
            ],
            "title": "BuenVecino"
        },
        "Arrendadores": {
            "type": "object",
            "additionalProperties": false,
            "properties": {
                "$idArrendador": {
                    "$ref": "#/definitions/IDArrendador"
                }
            },
            "required": [
                "$idArrendador"
            ],
            "title": "Arrendadores"
        },
        "IDArrendador": {
            "type": "object",
            "additionalProperties": false,
            "properties": {
                "nombre": {
                    "type": "string"
                },
                "dni": {
                    "type": "integer"
                },
                "tipoDni": {
                    "type": "string",
                    "enum": ["CC", "CE", "TI", "PA"]
                },
                "genero": {
                    "type": "string",
                    "enum": ["M", "F", "O", "N"]
                },
                "fechaNacimiento": {
                    "type": "integer"
                },
                "email": {
                    "type": "string"
                },
                "telefono": {
                    "type": "integer"
                },
                "direccion": {
                    "type": "string"
                },
                "ciudad": {
                    "type": "string"
                },
                "chats": {
                    "type": "array",
                    "items": {
                        "$ref": "#/definitions/IDChat",
                        "uniqueItems": true

                    }
                },
                "inmuebles": {
                    "type": "array",
                    "items": {
                        "$ref": "#/definitions/IDInmueble",
                        "uniqueItems": true
                    }
                }
            },
            "required": [
                "chats",
                "ciudad",
                "direccion",
                "dni",
                "email",
                "fechaNacimiento",
                "genero",
                "inmuebles",
                "nombre",
                "telefono",
                "tipoDni"
            ],
            "title": "IDArrendador"
        },
        "Arrendatarios": {
            "type": "object",
            "additionalProperties": false,
            "properties": {
                "$idArrendatario": {
                    "$ref": "#/definitions/IDArrendatario"
                }
            },
            "required": [
                "$idArrendatario"
            ],
            "title": "Arrendatarios"
        },
        "IDArrendatario": {
            "type": "object",
            "additionalProperties": false,
            "properties": {
                "nombre": {
                    "type": "string"
                },
                "dni": {
                    "type": "integer"
                },
                "tipoDni": {
                    "type": "string",
                    "enum": ["CC", "CE", "TI", "PA"]
                },
                "genero": {
                    "type": "string",
                    "enum": ["M", "F", "O", "N"]
                },
                "fechaNacimiento": {
                    "type": "integer"
                },
                "email": {
                    "type": "string"
                },
                "telefono": {
                    "type": "integer"
                },
                "chats": {
                    "type": "array",
                    "items": {
                        "$ref": "#/definitions/IDChat",
                        "uniqueItems": true,
                        "default" : []
                    }
                },
                "favoritos": {
                    "type": "array",
                    "items": {
                        "$ref": "#/definitions/IDFavorito",
                        "uniqueItems": true,
                        "default" : []
                    }
                },
                "historialInmuebles": {
                    "type": "array",
                    "items": {
                        "$ref": "#/definitions/Reserva",
                        "uniqueItems": true,
                        "default" : []
                    }
                },
                "historialPagos": {
                    "type": "array",
                    "items": {
                        "uniqueItems": true,
                        "default" : []
                    }
                },
                "metodoPago": {
                    "$ref": "#/definitions/MetodoPago"
                }
            },
            "required": [
                "chats",
                "dni",
                "email",
                "favoritos",
                "fechaNacimiento",
                "genero",
                "historialInmuebles",
                "metodoPago",
                "nombre",
                "telefono",
                "tipoDni"
            ],
            "title": "IDArrendatario"
        },
        "MetodoPago": {
            "type": "object",
            "additionalProperties": false,
            "properties": {
                "idPSE": {
                    "type": "string"
                }
            },
            "required": [
                "idPSE"
            ],
            "title": "MetodoPago"
        },
        "Boletines": {
            "type": "object",
            "additionalProperties": false,
            "properties": {
                "$idBoletin": {
                    "$ref": "#/definitions/IDBoletin"
                }
            },
            "required": [
                "$idBoletin"
            ],
            "title": "Boletines"
        },
        "IDBoletin": {
            "type": "object",
            "additionalProperties": false,
            "properties": {
                "fecha": {
                    "type": "integer"
                },
                "contenido": {
                    "type": "string"
                }
            },
            "required": [
                "contenido",
                "fecha"
            ],
            "title": "IDBoletin"
        },
        "Chats": {
            "type": "object",
            "additionalProperties": false,
            "properties": {
                "$idChat": {
                    "$ref": "#/definitions/ChatsIDChat",
                    "uniqueItems": true
                }
            },
            "required": [
                "$idChat"
            ],
            "title": "Chats"
        },
        "ChatsIDChat": {
            "type": "object",
            "additionalProperties": false,
            "properties": {
                "usuario1": {
                    "type": "string"
                },
                "usuario2": {
                    "type": "string"
                },
                "mensajes": {
                    "type": "array",
                    "items": {
                        "type": "string",
                        "uniqueItems": true
                    }
                }
            },
            "required": [
                "usuario1",
                "usuario2"
            ],
            "title": "ChatsIDChat"
        },
        "Favorito": {
            "type": "object",
            "additionalProperties": false,
            "properties": {
                "$idFav": {
                    "$ref": "#/definitions/IDFavorito"
                }
            },
            "required": [
                "$idFav"
            ],
            "title": "Favorito"
        },
        "IDFavorito": {
            "type": "object",
            "additionalProperties": false,
            "properties": {
                "inmubele": {
                    "$ref": "#/definitions/IDInmueble"
                },
                "fechaAgregado": {
                    "type": "integer"
                },
                "comentario": {
                    "type": "string"
                }
            },
            "required": [
                "comentario",
                "fechaAgregado",
                "inmubele"
            ],
            "title": "IDFavorito"
        },
        "Inmuebles": {
            "type": "object",
            "additionalProperties": false,
            "properties": {
                "$idInmueble": {
                    "$ref": "#/definitions/IDInmueble"
                }
            },
            "required": [
                "$idInmueble"
            ],
            "title": "Inmuebles"
        },
        "IDInmueble": {
            "type": "object",
            "additionalProperties": false,
            "properties": {
                "tipo": {
                    "type": "string",
                    "enum": ["C", "H", "A"]
                },
                "nombre": {
                    "type": "string"
                },
                "precio": {
                    "type": "integer"
                },
                "descripcion": {
                    "type": "string"
                },
                "nBaños": {
                    "type": "integer",
                    "minimum": 0
                },
                "area": {
                    "type": "number",
                    "minimum": 0
                },
                "esAmoblado": {
                    "type": "boolean"
                },
                "ubicacion": {
                    "$ref": "#/definitions/Ubicacion"
                },
                "servicios": {
                    "type": "array",
                    "items": {
                        "type": "string",
                        "uniqueItems": true
                    }
                },
                "nHabitaciones": {
                    "type": "integer",
                    "minimum": 1
                },
                "esCompartido": {
                    "type": "boolean"
                },
                "nPisos": {
                    "type": "integer",
                    "minimum": 1
                },
                "nCocinas": {
                    "type": "integer"
                },
                "historialArrendatarios": {
                    "type": "array",
                    "items": {
                        "$ref": "#/definitions/Reserva",
                        "uniqueItems": true
                    }
                },
                "idPropietario" : {
                    "type": "string"
                },
                "estaDisponible" : {
                    "type": "boolean"
                }
            },
            "required": [
                "area",
                "descripcion",
                "esAmoblado",
                "esCompartido",
                "historialArrendatarios",
                "nBaños",
                "nCocinas",
                "nHabitaciones",
                "nPisos",
                "nombre",
                "precio",
                "servicios",
                "tipo",
                "ubicacion",
                "idPropietario",
                "estaDisponible"
            ],
            "title": "IDInmueble"
        },
        "Ubicacion": {
            "type": "object",
            "additionalProperties": false,
            "properties": {
                "direccion": {
                    "type": "string"
                },
                "localidad": {
                    "type": "string"
                },
                "latitud": {
                    "type": "number"
                },
                "longitud": {
                    "type": "number"
                },
                "barrio": {
                    "type": "string"
                },
                "tagBarrio": {
                    "type": "string"
                },
                "tagLocalidad": {
                    "type": "string"
                }
            },
            "required": [
                "barrio",
                "direccion",
                "latitud",
                "localidad",
                "longitud",
                "tagBarrio",
                "tagLocalidad"
            ],
            "title": "Ubicacion"
        },
        "Mensajes": {
            "type": "object",
            "additionalProperties": false,
            "properties": {
                "$idChat": {
                    "$ref": "#/definitions/MensajesIDChat"
                }
            },
            "required": [
                "$idChat"
            ],
            "title": "Mensajes"
        },
        "MensajesIDChat": {
            "type": "object",
            "additionalProperties": false,
            "properties": {
                "$idMen": {
                    "$ref": "#/definitions/IDMen",
                    "uniqueItems": true
                }
            },
            "required": [
                "$idMen"
            ],
            "title": "MensajesIDChat"
        },
        "IDMen": {
            "type": "object",
            "additionalProperties": false,
            "properties": {
                "mensaje": {
                    "type": "string"
                },
                "remitente": {
                    "type": "string",
                    "oneOf": [
                        {
                            "$ref": "#/definitions/IDArrendatario"
                        },
                        {
                            "$ref": "#/definitions/IDArrendador"
                        }
                      ]
                },
                "momento": {
                    "type": "integer"
                }
            },
            "required": [
                "mensaje",
                "momento",
                "remitente"
            ],
            "title": "IDMen"
        },
        "Notificaciones": {
            "type": "object",
            "additionalProperties": false,
            "properties": {
                "$idNotificacion": {
                    "$ref": "#/definitions/IDNotificacion"
                }
            },
            "required": [
                "$idNotificacion"
            ],
            "title": "Notificaciones"
        },
        "IDNotificacion": {
            "type": "object",
            "additionalProperties": false,
            "properties": {
                "contenido": {
                    "type": "string"
                },
                "tipo": {
                    "type": "integer"
                },
                "arrendador": {
                    "$ref": "#/definitions/IDArrendador"
                },
                "arrendatario": {
                    "$ref": "#/definitions/IDArrendatario"
                }
            },
            "required": [
                "arrendador",
                "arrendatario",
                "contenido",
                "tipo"
            ],
            "title": "IDNotificacion"
        },
        "Reserva": {
            "type": "object",
            "additionalProperties": false,
            "properties": {
                "$IDReserva": {
                    "$ref": "#/definitions/IDReserva"
                }
            },
            "required": [
                "$IDReserva"
            ],
            "title": "Reserva"
        },
        "IDReserva": {
            "type": "object",
            "additionalProperties": false,
            "properties": {
                "idArrendatario": {
                    "$ref": "#/definitions/IDArrendatario"
                },
                "idArrendador": {
                    "$ref": "#/definitions/IDArrendador"
                },
                "idInmueble": {
                    "$ref": "#/definitions/IDInmueble"
                },
                "valor": {
                    "type": "integer"
                },
                "fechaInicio": {
                    "type": "integer"
                },
                "fechaFin": {
                    "type": "integer"
                },
                "valoración": {
                    "$ref": "#/definitions/Valoracion"
                }
            },
            "required": [
                "fechaFin",
                "fechaInicio",
                "idArrendador",
                "idArrendatario",
                "idInmueble",
                "valor",
                "valoración"
            ],
            "title": "IDReserva"
        },
        "Valoracion": {
            "type": "object",
            "additionalProperties": false,
            "properties": {
                "valor": {
                    "type": "integer"
                },
                "comentario": {
                    "type": "string"
                }
            },
            "required": [
                "comentario",
                "valor"
            ],
            "title": "Valoracion"
        },
        "Servicios": {
            "type": "object",
            "additionalProperties": false,
            "properties": {
                "$idServicio": {
                    "$ref": "#/definitions/IDServicio"
                }
            },
            "required": [
                "$idServicio"
            ],
            "title": "Servicios"
        },
        "IDServicio": {
            "type": "object",
            "additionalProperties": false,
            "properties": {
                "nombre": {
                    "type": "string"
                },
                "precioExtra": {
                    "type": "integer"
                },
                "descripción": {
                    "type": "string"
                }
            },
            "required": [
                "descripción",
                "nombre",
                "precioExtra"
            ],
            "title": "IDServicio"
        },
        "SolicitudArrendamiento": {
            "type": "object",
            "additionalProperties": false,
            "properties": {
                "idArrendatario": {
                    "type": "string"
                },
                "idArrendador": {
                    "type": "string"
                },
                "idInmueble": {
                    "type": "string"
                },
                "fechaInicio": {
                    "type": "integer"
                },
                "fechaFin": {
                    "type": "integer"
                },
                "estado":{
                    "type": "string",
                    "enum": ["A", "C", "D", "R", "CC", "O"],
                    "$comment": "D: desconocido, A: Aceptado por Arrendatario, R: rechazado por Arrendatario, C: Cancelado por Arrendador, CC: Confirmado por Arrendador, O: EL inmueble ya fue ocupado"
                }
            },
            "required": [
                "idArrendatario",
                "idArrendador",
                "idInmueble",
                "fechaInicio",
                "fechaFin",
                "estado"
            ],
            "title": "SolicitudArrendamiento"
        },
        "Pago": {
            "type": "object",
            "additionalProperties": false,
            "properties": {
                "idSolicitud": {
                    "type": "string"
                },
                "estado":{
                    "type": "string",
                    "enum": ["A", "D", "R"],
                    "$comment": "D: desconocido, A: Aceptado por la entidad R: rechazado por la entidad"
                },
                "informacionAdicional":{
                    "type": "object"
                }
            },
            "required": [
                "idSolicitud",
                "estado",
                "informacionAdicional"
            ],
            "title": "Pago"
        }
    }
}
